meshsize;power_iteration;rayleigh_quotient_iteration
0.400000;613;9
0.450000;613;9
0.500000;613;9
0.550000;613;9
0.600000;613;9
0.650000;613;9
0.700000;613;9
0.750000;613;9
0.800000;613;9
0.850000;613;9
